0,000001.SZ
1,000002.SZ
2,000004.SZ
3,000005.SZ
4,000006.SZ
5,000007.SZ
6,000008.SZ
7,000009.SZ
8,000010.SZ
9,000011.SZ
10,000012.SZ
11,000014.SZ
12,000016.SZ
13,000017.SZ
14,000018.SZ
15,000019.SZ
16,000020.SZ
17,000021.SZ
18,000022.SZ
19,000023.SZ
20,000024.SZ
21,000025.SZ
22,000026.SZ
23,000027.SZ
24,000028.SZ
25,000029.SZ
26,000030.SZ
27,000031.SZ
28,000032.SZ
29,000033.SZ
30,000034.SZ
31,000035.SZ
32,000036.SZ
33,000037.SZ
34,000038.SZ
35,000039.SZ
36,000040.SZ
37,000042.SZ
38,000043.SZ
39,000045.SZ
40,000046.SZ
41,000048.SZ
42,000049.SZ
43,000050.SZ
44,000055.SZ
45,000056.SZ
46,000058.SZ
47,000059.SZ
48,000060.SZ
49,000061.SZ
50,000062.SZ
51,000063.SZ
52,000065.SZ
53,000066.SZ
54,000068.SZ
55,000069.SZ
56,000070.SZ
57,000078.SZ
58,000088.SZ
59,000089.SZ
60,000090.SZ
61,000096.SZ
62,000099.SZ
63,000100.SZ
64,000150.SZ
65,000151.SZ
66,000153.SZ
67,000155.SZ
68,000156.SZ
69,000157.SZ
70,000158.SZ
71,000159.SZ
72,000301.SZ
73,000400.SZ
74,000401.SZ
75,000402.SZ
76,000403.SZ
77,000404.SZ
78,000407.SZ
79,000408.SZ
80,000409.SZ
81,000410.SZ
82,000411.SZ
83,000413.SZ
84,000415.SZ
85,000416.SZ
86,000417.SZ
87,000418.SZ
88,000419.SZ
89,000420.SZ
90,000421.SZ
91,000422.SZ
92,000423.SZ
93,000425.SZ
94,000426.SZ
95,000428.SZ
96,000429.SZ
97,000430.SZ
98,000488.SZ
99,000498.SZ
100,000501.SZ
101,000502.SZ
102,000503.SZ
103,000504.SZ
104,000505.SZ
105,000506.SZ
106,000507.SZ
107,000509.SZ
108,000510.SZ
109,000511.SZ
110,000513.SZ
111,000514.SZ
112,000515.SZ
113,000516.SZ
114,000517.SZ
115,000518.SZ
116,000519.SZ
117,000520.SZ
118,000521.SZ
119,000522.SZ
120,000523.SZ
121,000524.SZ
122,000525.SZ
123,000526.SZ
124,000527.SZ
125,000528.SZ
126,000529.SZ
127,000530.SZ
128,000531.SZ
129,000532.SZ
130,000533.SZ
131,000534.SZ
132,000536.SZ
133,000537.SZ
134,000538.SZ
135,000539.SZ
136,000540.SZ
137,000541.SZ
138,000543.SZ
139,000544.SZ
140,000545.SZ
141,000546.SZ
142,000547.SZ
143,000548.SZ
144,000549.SZ
145,000550.SZ
146,000551.SZ
147,000552.SZ
148,000553.SZ
149,000554.SZ
150,000555.SZ
151,000557.SZ
152,000558.SZ
153,000559.SZ
154,000560.SZ
155,000561.SZ
156,000562.SZ
157,000563.SZ
158,000564.SZ
159,000565.SZ
160,000566.SZ
161,000567.SZ
162,000568.SZ
163,000569.SZ
164,000570.SZ
165,000571.SZ
166,000572.SZ
167,000573.SZ
168,000576.SZ
169,000578.SZ
170,000581.SZ
171,000582.SZ
172,000583.SZ
173,000584.SZ
174,000585.SZ
175,000586.SZ
176,000587.SZ
177,000589.SZ
178,000590.SZ
179,000591.SZ
180,000592.SZ
181,000593.SZ
182,000594.SZ
183,000595.SZ
184,000596.SZ
185,000597.SZ
186,000598.SZ
187,000599.SZ
188,000600.SZ
189,000601.SZ
190,000602.SZ
191,000603.SZ
192,000605.SZ
193,000606.SZ
194,000607.SZ
195,000608.SZ
196,000609.SZ
197,000610.SZ
198,000611.SZ
199,000612.SZ
200,000613.SZ
201,000615.SZ
202,000616.SZ
203,000617.SZ
204,000619.SZ
205,000620.SZ
206,000622.SZ
207,000623.SZ
208,000625.SZ
209,000626.SZ
210,000627.SZ
211,000628.SZ
212,000629.SZ
213,000630.SZ
214,000631.SZ
215,000632.SZ
216,000633.SZ
217,000635.SZ
218,000636.SZ
219,000637.SZ
220,000638.SZ
221,000639.SZ
222,000650.SZ
223,000651.SZ
224,000652.SZ
225,000655.SZ
226,000656.SZ
227,000657.SZ
228,000659.SZ
229,000661.SZ
230,000662.SZ
231,000663.SZ
232,000665.SZ
233,000666.SZ
234,000667.SZ
235,000668.SZ
236,000669.SZ
237,000670.SZ
238,000671.SZ
239,000672.SZ
240,000673.SZ
241,000676.SZ
242,000677.SZ
243,000678.SZ
244,000679.SZ
245,000680.SZ
246,000681.SZ
247,000682.SZ
248,000683.SZ
249,000685.SZ
250,000686.SZ
251,000687.SZ
252,000688.SZ
253,000690.SZ
254,000691.SZ
255,000692.SZ
256,000693.SZ
257,000695.SZ
258,000697.SZ
259,000698.SZ
260,000699.SZ
261,000700.SZ
262,000701.SZ
263,000702.SZ
264,000703.SZ
265,000705.SZ
266,000707.SZ
267,000708.SZ
268,000709.SZ
269,000710.SZ
270,000711.SZ
271,000712.SZ
272,000713.SZ
273,000715.SZ
274,000716.SZ
275,000717.SZ
276,000718.SZ
277,000719.SZ
278,000720.SZ
279,000721.SZ
280,000722.SZ
281,000723.SZ
282,000725.SZ
283,000726.SZ
284,000727.SZ
285,000728.SZ
286,000729.SZ
287,000731.SZ
288,000732.SZ
289,000733.SZ
290,000735.SZ
291,000736.SZ
292,000737.SZ
293,000738.SZ
294,000739.SZ
295,000748.SZ
296,000750.SZ
297,000751.SZ
298,000752.SZ
299,000753.SZ
300,000755.SZ
301,000756.SZ
302,000757.SZ
303,000758.SZ
304,000759.SZ
305,000760.SZ
306,000761.SZ
307,000762.SZ
308,000766.SZ
309,000767.SZ
310,000768.SZ
311,000776.SZ
312,000777.SZ
313,000778.SZ
314,000779.SZ
315,000780.SZ
316,000782.SZ
317,000783.SZ
318,000785.SZ
319,000786.SZ
320,000787.SZ
321,000788.SZ
322,000789.SZ
323,000790.SZ
324,000791.SZ
325,000792.SZ
326,000793.SZ
327,000795.SZ
328,000796.SZ
329,000797.SZ
330,000798.SZ
331,000799.SZ
332,000800.SZ
333,000801.SZ
334,000802.SZ
335,000803.SZ
336,000805.SZ
337,000806.SZ
338,000807.SZ
339,000809.SZ
340,000810.SZ
341,000811.SZ
342,000812.SZ
343,000813.SZ
344,000815.SZ
345,000816.SZ
346,000818.SZ
347,000819.SZ
348,000820.SZ
349,000821.SZ
350,000822.SZ
351,000823.SZ
352,000825.SZ
353,000826.SZ
354,000828.SZ
355,000829.SZ
356,000830.SZ
357,000831.SZ
358,000833.SZ
359,000835.SZ
360,000836.SZ
361,000837.SZ
362,000838.SZ
363,000839.SZ
364,000848.SZ
365,000850.SZ
366,000851.SZ
367,000852.SZ
368,000856.SZ
369,000858.SZ
370,000859.SZ
371,000860.SZ
372,000861.SZ
373,000862.SZ
374,000863.SZ
375,000868.SZ
376,000869.SZ
377,000875.SZ
378,000876.SZ
379,000877.SZ
380,000878.SZ
381,000880.SZ
382,000881.SZ
383,000882.SZ
384,000883.SZ
385,000885.SZ
386,000886.SZ
387,000887.SZ
388,000888.SZ
389,000889.SZ
390,000890.SZ
391,000892.SZ
392,000893.SZ
393,000895.SZ
394,000897.SZ
395,000898.SZ
396,000899.SZ
397,000900.SZ
398,000901.SZ
399,000902.SZ
400,000903.SZ
401,000905.SZ
402,000906.SZ
403,000908.SZ
404,000909.SZ
405,000910.SZ
406,000911.SZ
407,000912.SZ
408,000913.SZ
409,000915.SZ
410,000916.SZ
411,000917.SZ
412,000918.SZ
413,000919.SZ
414,000920.SZ
415,000921.SZ
416,000922.SZ
417,000923.SZ
418,000925.SZ
419,000926.SZ
420,000927.SZ
421,000928.SZ
422,000929.SZ
423,000930.SZ
424,000931.SZ
425,000932.SZ
426,000933.SZ
427,000935.SZ
428,000936.SZ
429,000937.SZ
430,000938.SZ
431,000939.SZ
432,000948.SZ
433,000949.SZ
434,000950.SZ
435,000951.SZ
436,000952.SZ
437,000953.SZ
438,000955.SZ
439,000957.SZ
440,000958.SZ
441,000959.SZ
442,000960.SZ
443,000961.SZ
444,000962.SZ
445,000963.SZ
446,000965.SZ
447,000966.SZ
448,000967.SZ
449,000968.SZ
450,000969.SZ
451,000970.SZ
452,000971.SZ
453,000972.SZ
454,000973.SZ
455,000975.SZ
456,000976.SZ
457,000977.SZ
458,000978.SZ
459,000979.SZ
460,000980.SZ
461,000981.SZ
462,000982.SZ
463,000983.SZ
464,000985.SZ
465,000987.SZ
466,000988.SZ
467,000989.SZ
468,000990.SZ
469,000993.SZ
470,000995.SZ
471,000996.SZ
472,000997.SZ
473,000998.SZ
474,000999.SZ
475,001696.SZ
476,001896.SZ
477,002001.SZ
478,002002.SZ
479,002003.SZ
480,002004.SZ
481,002005.SZ
482,002006.SZ
483,002007.SZ
484,002008.SZ
485,002009.SZ
486,002010.SZ
487,002011.SZ
488,002012.SZ
489,002013.SZ
490,002014.SZ
491,002015.SZ
492,002016.SZ
493,002017.SZ
494,002018.SZ
495,002019.SZ
496,002020.SZ
497,002021.SZ
498,002022.SZ
499,002023.SZ
500,002024.SZ
501,002025.SZ
502,002026.SZ
503,002027.SZ
504,002028.SZ
505,002029.SZ
506,002030.SZ
507,002031.SZ
508,002032.SZ
509,002033.SZ
510,002034.SZ
511,002035.SZ
512,002036.SZ
513,002037.SZ
514,002038.SZ
515,002039.SZ
516,002040.SZ
517,002041.SZ
518,002042.SZ
519,002043.SZ
520,002044.SZ
521,002045.SZ
522,002046.SZ
523,002047.SZ
524,002048.SZ
525,002049.SZ
526,002050.SZ
527,002051.SZ
528,002052.SZ
529,002053.SZ
530,002054.SZ
531,002055.SZ
532,002056.SZ
533,002057.SZ
534,002058.SZ
535,002059.SZ
536,002060.SZ
537,002061.SZ
538,002062.SZ
539,002063.SZ
540,002064.SZ
541,002065.SZ
542,002066.SZ
543,002067.SZ
544,002068.SZ
545,002069.SZ
546,002070.SZ
547,002071.SZ
548,002072.SZ
549,002073.SZ
550,002074.SZ
551,002075.SZ
552,002076.SZ
553,002077.SZ
554,002078.SZ
555,002079.SZ
556,002080.SZ
557,002081.SZ
558,002082.SZ
559,002083.SZ
560,002084.SZ
561,002085.SZ
562,002086.SZ
563,002087.SZ
564,002088.SZ
565,002089.SZ
566,002090.SZ
567,002091.SZ
568,002092.SZ
569,002093.SZ
570,002094.SZ
571,002095.SZ
572,002096.SZ
573,002097.SZ
574,002098.SZ
575,002099.SZ
576,002100.SZ
577,002101.SZ
578,002102.SZ
579,600000.SH
580,600001.SH
581,600003.SH
582,600004.SH
583,600005.SH
584,600006.SH
585,600007.SH
586,600008.SH
587,600009.SH
588,600010.SH
589,600011.SH
590,600012.SH
591,600015.SH
592,600016.SH
593,600017.SH
594,600018.SH
595,600019.SH
596,600020.SH
597,600021.SH
598,600022.SH
599,600026.SH
600,600027.SH
601,600028.SH
602,600029.SH
603,600030.SH
604,600031.SH
605,600033.SH
606,600035.SH
607,600036.SH
608,600037.SH
609,600038.SH
610,600039.SH
611,600048.SH
612,600050.SH
613,600051.SH
614,600052.SH
615,600053.SH
616,600054.SH
617,600055.SH
618,600056.SH
619,600057.SH
620,600058.SH
621,600059.SH
622,600060.SH
623,600061.SH
624,600062.SH
625,600063.SH
626,600064.SH
627,600065.SH
628,600066.SH
629,600067.SH
630,600068.SH
631,600069.SH
632,600070.SH
633,600071.SH
634,600072.SH
635,600073.SH
636,600074.SH
637,600075.SH
638,600076.SH
639,600077.SH
640,600078.SH
641,600079.SH
642,600080.SH
643,600081.SH
644,600082.SH
645,600083.SH
646,600084.SH
647,600085.SH
648,600086.SH
649,600087.SH
650,600088.SH
651,600089.SH
652,600090.SH
653,600091.SH
654,600093.SH
655,600094.SH
656,600095.SH
657,600096.SH
658,600097.SH
659,600098.SH
660,600099.SH
661,600100.SH
662,600101.SH
663,600102.SH
664,600103.SH
665,600104.SH
666,600105.SH
667,600106.SH
668,600107.SH
669,600108.SH
670,600109.SH
671,600110.SH
672,600111.SH
673,600112.SH
674,600113.SH
675,600114.SH
676,600115.SH
677,600116.SH
678,600117.SH
679,600118.SH
680,600119.SH
681,600120.SH
682,600121.SH
683,600122.SH
684,600123.SH
685,600125.SH
686,600126.SH
687,600127.SH
688,600128.SH
689,600129.SH
690,600130.SH
691,600131.SH
692,600132.SH
693,600133.SH
694,600135.SH
695,600136.SH
696,600137.SH
697,600138.SH
698,600139.SH
699,600141.SH
700,600143.SH
701,600145.SH
702,600146.SH
703,600148.SH
704,600149.SH
705,600150.SH
706,600151.SH
707,600152.SH
708,600153.SH
709,600155.SH
710,600156.SH
711,600157.SH
712,600158.SH
713,600159.SH
714,600160.SH
715,600161.SH
716,600162.SH
717,600163.SH
718,600165.SH
719,600166.SH
720,600167.SH
721,600168.SH
722,600169.SH
723,600170.SH
724,600171.SH
725,600172.SH
726,600173.SH
727,600175.SH
728,600176.SH
729,600177.SH
730,600178.SH
731,600179.SH
732,600180.SH
733,600181.SH
734,600182.SH
735,600183.SH
736,600184.SH
737,600185.SH
738,600186.SH
739,600187.SH
740,600188.SH
741,600189.SH
742,600190.SH
743,600191.SH
744,600192.SH
745,600193.SH
746,600195.SH
747,600196.SH
748,600197.SH
749,600198.SH
750,600199.SH
751,600200.SH
752,600201.SH
753,600202.SH
754,600203.SH
755,600205.SH
756,600206.SH
757,600207.SH
758,600208.SH
759,600209.SH
760,600210.SH
761,600211.SH
762,600212.SH
763,600213.SH
764,600215.SH
765,600216.SH
766,600217.SH
767,600218.SH
768,600219.SH
769,600220.SH
770,600221.SH
771,600222.SH
772,600223.SH
773,600225.SH
774,600226.SH
775,600227.SH
776,600228.SH
777,600229.SH
778,600230.SH
779,600231.SH
780,600232.SH
781,600233.SH
782,600234.SH
783,600235.SH
784,600236.SH
785,600237.SH
786,600238.SH
787,600239.SH
788,600240.SH
789,600241.SH
790,600242.SH
791,600243.SH
792,600246.SH
793,600247.SH
794,600248.SH
795,600249.SH
796,600250.SH
797,600251.SH
798,600252.SH
799,600253.SH
800,600255.SH
801,600256.SH
802,600257.SH
803,600258.SH
804,600259.SH
805,600260.SH
806,600261.SH
807,600262.SH
808,600263.SH
809,600265.SH
810,600266.SH
811,600267.SH
812,600268.SH
813,600269.SH
814,600270.SH
815,600271.SH
816,600272.SH
817,600273.SH
818,600275.SH
819,600276.SH
820,600277.SH
821,600278.SH
822,600279.SH
823,600280.SH
824,600281.SH
825,600282.SH
826,600283.SH
827,600284.SH
828,600285.SH
829,600286.SH
830,600287.SH
831,600288.SH
832,600289.SH
833,600290.SH
834,600291.SH
835,600292.SH
836,600293.SH
837,600295.SH
838,600296.SH
839,600297.SH
840,600298.SH
841,600299.SH
842,600300.SH
843,600301.SH
844,600302.SH
845,600303.SH
846,600305.SH
847,600306.SH
848,600307.SH
849,600308.SH
850,600309.SH
851,600310.SH
852,600311.SH
853,600312.SH
854,600313.SH
855,600315.SH
856,600316.SH
857,600317.SH
858,600318.SH
859,600319.SH
860,600320.SH
861,600321.SH
862,600322.SH
863,600323.SH
864,600325.SH
865,600326.SH
866,600327.SH
867,600328.SH
868,600329.SH
869,600330.SH
870,600331.SH
871,600332.SH
872,600333.SH
873,600335.SH
874,600336.SH
875,600337.SH
876,600338.SH
877,600339.SH
878,600340.SH
879,600343.SH
880,600345.SH
881,600346.SH
882,600348.SH
883,600350.SH
884,600351.SH
885,600352.SH
886,600353.SH
887,600354.SH
888,600355.SH
889,600356.SH
890,600357.SH
891,600358.SH
892,600359.SH
893,600360.SH
894,600361.SH
895,600362.SH
896,600363.SH
897,600365.SH
898,600366.SH
899,600367.SH
900,600368.SH
901,600369.SH
902,600370.SH
903,600371.SH
904,600372.SH
905,600373.SH
906,600375.SH
907,600376.SH
908,600377.SH
909,600378.SH
910,600379.SH
911,600380.SH
912,600381.SH
913,600382.SH
914,600383.SH
915,600385.SH
916,600386.SH
917,600387.SH
918,600388.SH
919,600389.SH
920,600390.SH
921,600391.SH
922,600392.SH
923,600393.SH
924,600395.SH
925,600396.SH
926,600397.SH
927,600398.SH
928,600399.SH
929,600400.SH
930,600401.SH
931,600403.SH
932,600405.SH
933,600406.SH
934,600408.SH
935,600409.SH
936,600410.SH
937,600415.SH
938,600416.SH
939,600418.SH
940,600419.SH
941,600420.SH
942,600421.SH
943,600422.SH
944,600423.SH
945,600425.SH
946,600426.SH
947,600428.SH
948,600429.SH
949,600432.SH
950,600433.SH
951,600435.SH
952,600436.SH
953,600438.SH
954,600439.SH
955,600444.SH
956,600446.SH
957,600448.SH
958,600449.SH
959,600452.SH
960,600455.SH
961,600456.SH
962,600458.SH
963,600459.SH
964,600460.SH
965,600461.SH
966,600462.SH
967,600463.SH
968,600466.SH
969,600467.SH
970,600468.SH
971,600469.SH
972,600470.SH
973,600472.SH
974,600475.SH
975,600476.SH
976,600477.SH
977,600478.SH
978,600479.SH
979,600480.SH
980,600481.SH
981,600482.SH
982,600483.SH
983,600485.SH
984,600486.SH
985,600487.SH
986,600488.SH
987,600489.SH
988,600490.SH
989,600491.SH
990,600493.SH
991,600495.SH
992,600496.SH
993,600497.SH
994,600498.SH
995,600499.SH
996,600500.SH
997,600501.SH
998,600502.SH
999,600503.SH
1000,600505.SH
1001,600506.SH
1002,600507.SH
1003,600508.SH
1004,600509.SH
1005,600510.SH
1006,600511.SH
1007,600512.SH
1008,600513.SH
1009,600515.SH
1010,600516.SH
1011,600517.SH
1012,600518.SH
1013,600519.SH
1014,600520.SH
1015,600521.SH
1016,600522.SH
1017,600523.SH
1018,600525.SH
1019,600526.SH
1020,600527.SH
1021,600528.SH
1022,600529.SH
1023,600530.SH
1024,600531.SH
1025,600532.SH
1026,600533.SH
1027,600535.SH
1028,600536.SH
1029,600537.SH
1030,600538.SH
1031,600539.SH
1032,600540.SH
1033,600543.SH
1034,600545.SH
1035,600546.SH
1036,600547.SH
1037,600548.SH
1038,600549.SH
1039,600550.SH
1040,600551.SH
1041,600552.SH
1042,600553.SH
1043,600555.SH
1044,600556.SH
1045,600557.SH
1046,600558.SH
1047,600559.SH
1048,600560.SH
1049,600561.SH
1050,600562.SH
1051,600563.SH
1052,600565.SH
1053,600566.SH
1054,600567.SH
1055,600568.SH
1056,600569.SH
1057,600570.SH
1058,600571.SH
1059,600572.SH
1060,600573.SH
1061,600575.SH
1062,600576.SH
1063,600577.SH
1064,600578.SH
1065,600579.SH
1066,600580.SH
1067,600581.SH
1068,600582.SH
1069,600583.SH
1070,600584.SH
1071,600585.SH
1072,600586.SH
1073,600587.SH
1074,600588.SH
1075,600589.SH
1076,600590.SH
1077,600591.SH
1078,600592.SH
1079,600593.SH
1080,600594.SH
1081,600595.SH
1082,600596.SH
1083,600597.SH
1084,600598.SH
1085,600599.SH
1086,600600.SH
1087,600601.SH
1088,600602.SH
1089,600603.SH
1090,600604.SH
1091,600605.SH
1092,600606.SH
1093,600607.SH
1094,600608.SH
1095,600609.SH
1096,600610.SH
1097,600611.SH
1098,600612.SH
1099,600613.SH
1100,600614.SH
1101,600615.SH
1102,600616.SH
1103,600617.SH
1104,600618.SH
1105,600619.SH
1106,600620.SH
1107,600621.SH
1108,600622.SH
1109,600623.SH
1110,600624.SH
1111,600626.SH
1112,600627.SH
1113,600628.SH
1114,600629.SH
1115,600630.SH
1116,600631.SH
1117,600633.SH
1118,600634.SH
1119,600635.SH
1120,600636.SH
1121,600637.SH
1122,600638.SH
1123,600639.SH
1124,600640.SH
1125,600641.SH
1126,600642.SH
1127,600643.SH
1128,600644.SH
1129,600645.SH
1130,600647.SH
1131,600648.SH
1132,600649.SH
1133,600650.SH
1134,600651.SH
1135,600652.SH
1136,600653.SH
1137,600654.SH
1138,600655.SH
1139,600656.SH
1140,600657.SH
1141,600658.SH
1142,600660.SH
1143,600661.SH
1144,600662.SH
1145,600663.SH
1146,600664.SH
1147,600665.SH
1148,600666.SH
1149,600667.SH
1150,600668.SH
1151,600671.SH
1152,600673.SH
1153,600674.SH
1154,600675.SH
1155,600676.SH
1156,600677.SH
1157,600678.SH
1158,600679.SH
1159,600680.SH
1160,600681.SH
1161,600682.SH
1162,600683.SH
1163,600684.SH
1164,600685.SH
1165,600686.SH
1166,600687.SH
1167,600688.SH
1168,600689.SH
1169,600690.SH
1170,600691.SH
1171,600692.SH
1172,600693.SH
1173,600694.SH
1174,600695.SH
1175,600696.SH
1176,600697.SH
1177,600698.SH
1178,600699.SH
1179,600701.SH
1180,600702.SH
1181,600703.SH
1182,600704.SH
1183,600705.SH
1184,600706.SH
1185,600707.SH
1186,600708.SH
1187,600710.SH
1188,600711.SH
1189,600712.SH
1190,600713.SH
1191,600714.SH
1192,600715.SH
1193,600716.SH
1194,600717.SH
1195,600718.SH
1196,600719.SH
1197,600720.SH
1198,600721.SH
1199,600722.SH
1200,600723.SH
1201,600724.SH
1202,600725.SH
1203,600726.SH
1204,600727.SH
1205,600728.SH
1206,600729.SH
1207,600730.SH
1208,600731.SH
1209,600732.SH
1210,600733.SH
1211,600734.SH
1212,600735.SH
1213,600736.SH
1214,600737.SH
1215,600738.SH
1216,600739.SH
1217,600740.SH
1218,600741.SH
1219,600742.SH
1220,600743.SH
1221,600744.SH
1222,600745.SH
1223,600746.SH
1224,600747.SH
1225,600748.SH
1226,600749.SH
1227,600750.SH
1228,600751.SH
1229,600753.SH
1230,600754.SH
1231,600755.SH
1232,600756.SH
1233,600757.SH
1234,600758.SH
1235,600759.SH
1236,600760.SH
1237,600761.SH
1238,600762.SH
1239,600763.SH
1240,600764.SH
1241,600765.SH
1242,600766.SH
1243,600767.SH
1244,600768.SH
1245,600769.SH
1246,600770.SH
1247,600771.SH
1248,600773.SH
1249,600774.SH
1250,600775.SH
1251,600776.SH
1252,600777.SH
1253,600778.SH
1254,600779.SH
1255,600780.SH
1256,600781.SH
1257,600782.SH
1258,600783.SH
1259,600784.SH
1260,600785.SH
1261,600786.SH
1262,600787.SH
1263,600789.SH
1264,600790.SH
1265,600791.SH
1266,600792.SH
1267,600793.SH
1268,600794.SH
1269,600795.SH
1270,600796.SH
1271,600797.SH
1272,600798.SH
1273,600800.SH
1274,600801.SH
1275,600802.SH
1276,600803.SH
1277,600804.SH
1278,600805.SH
1279,600806.SH
1280,600807.SH
1281,600808.SH
1282,600809.SH
1283,600810.SH
1284,600811.SH
1285,600812.SH
1286,600814.SH
1287,600815.SH
1288,600816.SH
1289,600817.SH
1290,600818.SH
1291,600819.SH
1292,600820.SH
1293,600821.SH
1294,600822.SH
1295,600823.SH
1296,600824.SH
1297,600825.SH
1298,600826.SH
1299,600827.SH
1300,600828.SH
1301,600829.SH
1302,600830.SH
1303,600831.SH
1304,600832.SH
1305,600833.SH
1306,600834.SH
1307,600835.SH
1308,600836.SH
1309,600837.SH
1310,600838.SH
1311,600839.SH
1312,600840.SH
1313,600841.SH
1314,600842.SH
1315,600843.SH
1316,600844.SH
1317,600845.SH
1318,600846.SH
1319,600847.SH
1320,600848.SH
1321,600850.SH
1322,600851.SH
1323,600853.SH
1324,600854.SH
1325,600855.SH
1326,600856.SH
1327,600857.SH
1328,600858.SH
1329,600859.SH
1330,600860.SH
1331,600861.SH
1332,600862.SH
1333,600863.SH
1334,600864.SH
1335,600865.SH
1336,600866.SH
1337,600867.SH
1338,600868.SH
1339,600869.SH
1340,600870.SH
1341,600871.SH
1342,600872.SH
1343,600873.SH
1344,600874.SH
1345,600875.SH
1346,600876.SH
1347,600877.SH
1348,600879.SH
1349,600880.SH
1350,600881.SH
1351,600882.SH
1352,600883.SH
1353,600884.SH
1354,600885.SH
1355,600886.SH
1356,600887.SH
1357,600888.SH
1358,600889.SH
1359,600890.SH
1360,600891.SH
1361,600892.SH
1362,600893.SH
1363,600894.SH
1364,600895.SH
1365,600896.SH
1366,600897.SH
1367,600898.SH
1368,600900.SH
1369,600960.SH
1370,600961.SH
1371,600962.SH
1372,600963.SH
1373,600965.SH
1374,600966.SH
1375,600967.SH
1376,600969.SH
1377,600970.SH
1378,600971.SH
1379,600973.SH
1380,600975.SH
1381,600976.SH
1382,600978.SH
1383,600979.SH
1384,600980.SH
1385,600981.SH
1386,600982.SH
1387,600983.SH
1388,600984.SH
1389,600985.SH
1390,600986.SH
1391,600987.SH
1392,600988.SH
1393,600990.SH
1394,600991.SH
1395,600992.SH
1396,600993.SH
1397,600995.SH
1398,600997.SH
1399,601001.SH
1400,601006.SH
1401,601111.SH
1402,601333.SH
1403,601398.SH
1404,601588.SH
1405,601607.SH
1406,601666.SH
1407,601699.SH
1408,601872.SH
1409,601988.SH
1410,601991.SH
1411,601628.SH
1412,002103.SZ
1413,002104.SZ
1414,002105.SZ
1415,002106.SZ
1416,002107.SZ
1417,002108.SZ
1418,002109.SZ
1419,002110.SZ
1420,002111.SZ
1421,601002.SH
1422,601166.SH
1423,002112.SZ
1424,002113.SZ
1425,002114.SZ
1426,002115.SZ
1427,002116.SZ
1428,601003.SH
1429,601005.SH
1430,601318.SH
1431,002117.SZ
1432,002118.SZ
1433,002119.SZ
1434,002120.SZ
1435,002121.SZ
1436,002122.SZ
1437,002123.SZ
1438,002124.SZ
1439,002125.SZ
1440,601007.SH
1441,002126.SZ
1442,002127.SZ
1443,002128.SZ
1444,002129.SZ
1445,002130.SZ
1446,601008.SH
1447,002131.SZ
1448,002132.SZ
1449,002133.SZ
1450,601998.SH
1451,000338.SZ
1452,601600.SH
1453,601328.SH
1454,002134.SZ
1455,002135.SZ
1456,002136.SZ
1457,002137.SZ
1458,002138.SZ
1459,601919.SH
1460,002139.SZ
1461,002140.SZ
1462,601168.SH
1463,002142.SZ
1464,601009.SH
1465,002141.SZ
1466,002143.SZ
1467,002144.SZ
1468,002145.SZ
1469,002146.SZ
1470,002147.SZ
1471,002148.SZ
1472,002149.SZ
1473,002150.SZ
1474,002151.SZ
1475,002152.SZ
1476,002153.SZ
1477,002154.SZ
1478,002155.SZ
1479,002156.SZ
1480,002157.SZ
1481,002158.SZ
1482,002159.SZ
1483,002160.SZ
1484,002161.SZ
1485,002162.SZ
1486,002163.SZ
1487,002164.SZ
1488,002165.SZ
1489,002166.SZ
1490,002167.SZ
1491,002168.SZ
1492,002169.SZ
1493,002170.SZ
1494,601169.SH
1495,002171.SZ
1496,002172.SZ
1497,002173.SZ
1498,002174.SZ
1499,601939.SH
1500,601808.SH
1501,601088.SH
1502,002175.SZ
1503,002176.SZ
1504,002177.SZ
1505,002178.SZ
1506,002179.SZ
1507,601857.SH
1508,002180.SZ
1509,002182.SZ
1510,002183.SZ
1511,002181.SZ
1512,002184.SZ
1513,002185.SZ
1514,002186.SZ
1515,002187.SZ
1516,002188.SZ
1517,002189.SZ
1518,002190.SZ
1519,601390.SH
1520,002191.SZ
1521,002192.SZ
1522,002193.SZ
1523,002194.SZ
1524,002195.SZ
1525,002196.SZ
1526,601866.SH
1527,002197.SZ
1528,002198.SZ
1529,601918.SH
1530,002199.SZ
1531,002200.SZ
1532,601999.SH
1533,601601.SH
1534,002201.SZ
1535,002202.SZ
1536,601099.SH
1537,002203.SZ
1538,002204.SZ
1539,002205.SZ
1540,002206.SZ
1541,002207.SZ
1542,002208.SZ
1543,002209.SZ
1544,002210.SZ
1545,002211.SZ
1546,002212.SZ
1547,002213.SZ
1548,601898.SH
1549,002214.SZ
1550,002215.SZ
1551,002216.SZ
1552,002217.SZ
1553,002218.SZ
1554,002220.SZ
1555,002219.SZ
1556,002221.SZ
1557,601186.SH
1558,002222.SZ
1559,601958.SH
1560,002223.SZ
1561,002224.SZ
1562,002225.SZ
1563,601899.SH
1564,002226.SZ
1565,002227.SZ
1566,002228.SZ
1567,002229.SZ
1568,002232.SZ
1569,002230.SZ
1570,002231.SZ
1571,002233.SZ
1572,002234.SZ
1573,002235.SZ
1574,002236.SZ
1575,002237.SZ
1576,002239.SZ
1577,002241.SZ
1578,002240.SZ
1579,002238.SZ
1580,002242.SZ
1581,002243.SZ
1582,002244.SZ
1583,002245.SZ
1584,002246.SZ
1585,002247.SZ
1586,002248.SZ
1587,002249.SZ
1588,002250.SZ
1589,002251.SZ
1590,002252.SZ
1591,002253.SZ
1592,002254.SZ
1593,002255.SZ
1594,002256.SZ
1595,002258.SZ
1596,002259.SZ
1597,002260.SZ
1598,002261.SZ
1599,002262.SZ
1600,002263.SZ
1601,002264.SZ
1602,002265.SZ
1603,002266.SZ
1604,002268.SZ
1605,002267.SZ
1606,601766.SH
1607,002269.SZ
1608,002270.SZ
1609,002271.SZ
1610,002272.SZ
1611,002273.SZ
1612,002274.SZ
1613,601727.SH
1614,002275.SZ
1615,002276.SZ
1616,002277.SZ
1617,601107.SH
1618,601668.SH
1619,002278.SZ
1620,002279.SZ
1621,601788.SH
1622,002280.SZ
1623,002281.SZ
1624,002282.SZ
1625,002283.SZ
1626,002284.SZ
1627,002285.SZ
1628,002286.SZ
1629,002287.SZ
1630,002288.SZ
1631,002289.SZ
1632,002290.SZ
1633,002291.SZ
1634,002292.SZ
1635,002293.SZ
1636,002294.SZ
1637,601618.SH
1638,002295.SZ
1639,002296.SZ
1640,002297.SZ
1641,002298.SZ
1642,601888.SH
1643,002299.SZ
1644,002300.SZ
1645,002301.SZ
1646,300001.SZ
1647,300002.SZ
1648,300003.SZ
1649,300004.SZ
1650,300005.SZ
1651,300006.SZ
1652,300007.SZ
1653,300008.SZ
1654,300009.SZ
1655,300010.SZ
1656,300011.SZ
1657,300012.SZ
1658,300013.SZ
1659,300014.SZ
1660,300015.SZ
1661,300016.SZ
1662,300017.SZ
1663,300018.SZ
1664,300019.SZ
1665,300020.SZ
1666,300021.SZ
1667,300022.SZ
1668,300023.SZ
1669,300024.SZ
1670,300025.SZ
1671,300026.SZ
1672,300027.SZ
1673,300028.SZ
1674,002302.SZ
1675,002303.SZ
1676,002304.SZ
1677,002305.SZ
1678,002306.SZ
1679,002307.SZ
1680,600999.SH
1681,002308.SZ
1682,002309.SZ
1683,002310.SZ
1684,002311.SZ
1685,002312.SZ
1686,002313.SZ
1687,002314.SZ
1688,002315.SZ
1689,002316.SZ
1690,002317.SZ
1691,002318.SZ
1692,002319.SZ
1693,002320.SZ
1694,002321.SZ
1695,601989.SH
1696,002322.SZ
1697,002323.SZ
1698,002324.SZ
1699,002325.SZ
1700,002326.SZ
1701,300029.SZ
1702,300030.SZ
1703,300031.SZ
1704,300032.SZ
1705,300033.SZ
1706,300034.SZ
1707,300035.SZ
1708,300036.SZ
1709,601139.SH
1710,601299.SH
1711,002327.SZ
1712,002328.SZ
1713,002329.SZ
1714,002330.SZ
1715,002331.SZ
1716,601117.SH
1717,300037.SZ
1718,300038.SZ
1719,300039.SZ
1720,300040.SZ
1721,300041.SZ
1722,300042.SZ
1723,002332.SZ
1724,002333.SZ
1725,002334.SZ
1726,002335.SZ
1727,002336.SZ
1728,002337.SZ
1729,002338.SZ
1730,601801.SH
1731,300043.SZ
1732,300044.SZ
1733,300045.SZ
1734,300046.SZ
1735,300047.SZ
1736,300048.SZ
1737,300049.SZ
1738,300050.SZ
1739,601877.SH
1740,002339.SZ
1741,002340.SZ
1742,002341.SZ
1743,002342.SZ
1744,002343.SZ
1745,002344.SZ
1746,002345.SZ
1747,002346.SZ
1748,002347.SZ
1749,601179.SH
1750,601268.SH
1751,002348.SZ
1752,002349.SZ
1753,002350.SZ
1754,002351.SZ
1755,002352.SZ
1756,002353.SZ
1757,002354.SZ
1758,002355.SZ
1759,002356.SZ
1760,601106.SH
1761,002357.SZ
1762,002358.SZ
1763,002359.SZ
1764,300051.SZ
1765,300052.SZ
1766,300053.SZ
1767,300054.SZ
1768,601678.SH
1769,300055.SZ
1770,300056.SZ
1771,300057.SZ
1772,300058.SZ
1773,601688.SH
1774,002360.SZ
1775,002361.SZ
1776,002362.SZ
1777,002363.SZ
1778,002364.SZ
1779,002365.SZ
1780,002366.SZ
1781,002367.SZ
1782,002368.SZ
1783,002369.SZ
1784,002370.SZ
1785,002371.SZ
1786,002372.SZ
1787,002373.SZ
1788,002374.SZ
1789,300059.SZ
1790,300061.SZ
1791,300062.SZ
1792,601188.SH
1793,601518.SH
1794,002375.SZ
1795,002376.SZ
1796,002377.SZ
1797,300063.SZ
1798,300064.SZ
1799,300065.SZ
1800,300066.SZ
1801,601158.SH
1802,002378.SZ
1803,002379.SZ
1804,002380.SZ
1805,601101.SH
1806,002381.SZ
1807,002382.SZ
1808,002383.SZ
1809,002384.SZ
1810,002385.SZ
1811,002386.SZ
1812,002387.SZ
1813,002388.SZ
1814,002389.SZ
1815,002390.SZ
1816,002391.SZ
1817,300067.SZ
1818,300068.SZ
1819,300069.SZ
1820,300070.SZ
1821,300071.SZ
1822,002392.SZ
1823,002393.SZ
1824,002394.SZ
1825,300072.SZ
1826,300073.SZ
1827,300074.SZ
1828,300075.SZ
1829,601369.SH
1830,002395.SZ
1831,002397.SZ
1832,300076.SZ
1833,300077.SZ
1834,300078.SZ
1835,300079.SZ
1836,002398.SZ
1837,002399.SZ
1838,002400.SZ
1839,002401.SZ
1840,002402.SZ
1841,002403.SZ
1842,002404.SZ
1843,002405.SZ
1844,002406.SZ
1845,002407.SZ
1846,002408.SZ
1847,300081.SZ
1848,300082.SZ
1849,300083.SZ
1850,300084.SZ
1851,002409.SZ
1852,002410.SZ
1853,002411.SZ
1854,002412.SZ
1855,300085.SZ
1856,300086.SZ
1857,300087.SZ
1858,300088.SZ
1859,002413.SZ
1860,002415.SZ
1861,002416.SZ
1862,002417.SZ
1863,002418.SZ
1864,002419.SZ
1865,002420.SZ
1866,002421.SZ
1867,002422.SZ
1868,002423.SZ
1869,002424.SZ
1870,002425.SZ
1871,002426.SZ
1872,002427.SZ
1873,002428.SZ
1874,002429.SZ
1875,002430.SZ
1876,002431.SZ
1877,002432.SZ
1878,002433.SZ
1879,002434.SZ
1880,002435.SZ
1881,002436.SZ
1882,002396.SZ
1883,002437.SZ
1884,002438.SZ
1885,002439.SZ
1886,300080.SZ
1887,300089.SZ
1888,300090.SZ
1889,300091.SZ
1890,601000.SH
1891,002440.SZ
1892,002441.SZ
1893,002442.SZ
1894,002443.SZ
1895,300092.SZ
1896,300093.SZ
1897,300094.SZ
1898,002444.SZ
1899,002445.SZ
1900,002446.SZ
1901,002447.SZ
1902,601288.SH
1903,002414.SZ
1904,002448.SZ
1905,002449.SZ
1906,002450.SZ
1907,002451.SZ
1908,002452.SZ
1909,002453.SZ
1910,002454.SZ
1911,300095.SZ
1912,300096.SZ
1913,300097.SZ
1914,300098.SZ
1915,002455.SZ
1916,002456.SZ
1917,002457.SZ
1918,601717.SH
1919,300099.SZ
1920,300100.SZ
1921,300101.SZ
1922,002458.SZ
1923,002459.SZ
1924,002460.SZ
1925,300102.SZ
1926,300103.SZ
1927,300104.SZ
1928,601718.SH
1929,002461.SZ
1930,002462.SZ
1931,002463.SZ
1932,601818.SH
1933,300105.SZ
1934,300106.SZ
1935,300107.SZ
1936,300108.SZ
1937,300109.SZ
1938,300110.SZ
1939,300111.SZ
1940,300112.SZ
1941,300113.SZ
1942,300114.SZ
1943,002464.SZ
1944,002465.SZ
1945,002466.SZ
1946,300115.SZ
1947,300116.SZ
1948,300117.SZ
1949,300118.SZ
1950,002467.SZ
1951,002468.SZ
1952,002469.SZ
1953,002470.SZ
1954,002471.SZ
1955,002472.SZ
1956,002473.SZ
1957,002474.SZ
1958,002475.SZ
1959,002476.SZ
1960,002477.SZ
1961,300119.SZ
1962,300120.SZ
1963,300121.SZ
1964,002478.SZ
1965,002479.SZ
1966,002480.SZ
1967,002481.SZ
1968,300122.SZ
1969,300123.SZ
1970,300124.SZ
1971,601018.SH
1972,002482.SZ
1973,002483.SZ
1974,002484.SZ
1975,601177.SH
1976,300125.SZ
1977,300126.SZ
1978,300127.SZ
1979,300128.SZ
1980,601377.SH
1981,002485.SZ
1982,002486.SZ
1983,002487.SZ
1984,300129.SZ
1985,300130.SZ
1986,300131.SZ
1987,002488.SZ
1988,002489.SZ
1989,002490.SZ
1990,002491.SZ
1991,300132.SZ
1992,300133.SZ
1993,300134.SZ
1994,300135.SZ
1995,601098.SH
1996,002492.SZ
1997,002493.SZ
1998,002494.SZ
1999,002495.SZ
2000,600998.SH
2001,300136.SZ
2002,300137.SZ
2003,300138.SZ
2004,002496.SZ
2005,002497.SZ
2006,002498.SZ
2007,002499.SZ
2008,300139.SZ
2009,300140.SZ
2010,300141.SZ
2011,300142.SZ
2012,002500.SZ
2013,002501.SZ
2014,002502.SZ
2015,002503.SZ
2016,002504.SZ
2017,002505.SZ
2018,002506.SZ
2019,002507.SZ
2020,002508.SZ
2021,002509.SZ
2022,002510.SZ
2023,002511.SZ
2024,601777.SH
2025,002512.SZ
2026,002513.SZ
2027,002514.SZ
2028,002515.SZ
2029,601880.SH
2030,002516.SZ
2031,002517.SZ
2032,002518.SZ
2033,002519.SZ
2034,300143.SZ
2035,300144.SZ
2036,300145.SZ
2037,002520.SZ
2038,002521.SZ
2039,002522.SZ
2040,002523.SZ
2041,300146.SZ
2042,300147.SZ
2043,300148.SZ
2044,601933.SH
2045,002524.SZ
2046,002526.SZ
2047,300149.SZ
2048,300150.SZ
2049,300151.SZ
2050,002527.SZ
2051,002528.SZ
2052,002529.SZ
2053,601890.SH
2054,300152.SZ
2055,300153.SZ
2056,300154.SZ
2057,002530.SZ
2058,002531.SZ
2059,002532.SZ
2060,002533.SZ
2061,601126.SH
2062,300155.SZ
2063,300156.SZ
2064,300157.SZ
2065,300158.SZ
2066,300159.SZ
2067,601118.SH
2068,002534.SZ
2069,002537.SZ
2070,002535.SZ
2071,002536.SZ
2072,300160.SZ
2073,300161.SZ
2074,300162.SZ
2075,300163.SZ
2076,300164.SZ
2077,601558.SH
2078,002538.SZ
2079,002539.SZ
2080,002540.SZ
2081,002541.SZ
2082,601700.SH
2083,300165.SZ
2084,300166.SZ
2085,300167.SZ
2086,300168.SZ
2087,300169.SZ
2088,601137.SH
2089,002542.SZ
2090,002543.SZ
2091,002544.SZ
2092,601519.SH
2093,300170.SZ
2094,300171.SZ
2095,300172.SZ
2096,300173.SZ
2097,300174.SZ
2098,601616.SH
2099,601799.SH
2100,002545.SZ
2101,002546.SZ
2102,300175.SZ
2103,300176.SZ
2104,300177.SZ
2105,300178.SZ
2106,300179.SZ
2107,002547.SZ
2108,002548.SZ
2109,002549.SZ
2110,002550.SZ
2111,300180.SZ
2112,300181.SZ
2113,300182.SZ
2114,300183.SZ
2115,300184.SZ
2116,601216.SH
2117,002551.SZ
2118,002552.SZ
2119,002553.SZ
2120,002554.SZ
2121,601992.SH
2122,002555.SZ
2123,002556.SZ
2124,002557.SZ
2125,002558.SZ
2126,601116.SH
2127,002559.SZ
2128,002560.SZ
2129,002561.SZ
2130,300185.SZ
2131,300186.SZ
2132,300187.SZ
2133,601011.SH
2134,002562.SZ
2135,002564.SZ
2136,002563.SZ
2137,300188.SZ
2138,300189.SZ
2139,300190.SZ
2140,300191.SZ
2141,601199.SH
2142,002565.SZ
2143,002566.SZ
2144,300192.SZ
2145,300193.SZ
2146,300194.SZ
2147,002567.SZ
2148,002568.SZ
2149,300195.SZ
2150,300196.SZ
2151,300197.SZ
2152,300198.SZ
2153,300199.SZ
2154,300200.SZ
2155,300201.SZ
2156,002569.SZ
2157,002570.SZ
2158,002571.SZ
2159,002572.SZ
2160,300202.SZ
2161,300203.SZ
2162,300204.SZ
2163,300205.SZ
2164,300206.SZ
2165,300207.SZ
2166,002573.SZ
2167,002574.SZ
2168,002575.SZ
2169,300208.SZ
2170,300209.SZ
2171,300210.SZ
2172,002576.SZ
2173,002577.SZ
2174,002578.SZ
2175,601258.SH
2176,300211.SZ
2177,300212.SZ
2178,300213.SZ
2179,002579.SZ
2180,002580.SZ
2181,601218.SH
2182,601113.SH
2183,300214.SZ
2184,300215.SZ
2185,300216.SZ
2186,300217.SZ
2187,300218.SZ
2188,300219.SZ
2189,601233.SH
2190,002581.SZ
2191,002582.SZ
2192,601208.SH
2193,300220.SZ
2194,300221.SZ
2195,300222.SZ
2196,002583.SZ
2197,601599.SH
2198,601566.SH
2199,300223.SZ
2200,300224.SZ
2201,300225.SZ
2202,002584.SZ
2203,002585.SZ
2204,002586.SZ
2205,601311.SH
2206,601010.SH
2207,300226.SZ
2208,300227.SZ
2209,300228.SZ
2210,002587.SZ
2211,002588.SZ
2212,002589.SZ
2213,002590.SZ
2214,300229.SZ
2215,300230.SZ
2216,300231.SZ
2217,601567.SH
2218,002591.SZ
2219,300232.SZ
2220,300233.SZ
2221,300234.SZ
2222,601798.SH
2223,002593.SZ
2224,002595.SZ
2225,300235.SZ
2226,300236.SZ
2227,300237.SZ
2228,002594.SZ
2229,601058.SH
2230,300238.SZ
2231,300239.SZ
2232,300240.SZ
2233,002596.SZ
2234,002597.SZ
2235,002598.SZ
2236,300241.SZ
2237,300242.SZ
2238,300243.SZ
2239,002599.SZ
2240,002600.SZ
2241,002601.SZ
2242,300244.SZ
2243,300245.SZ
2244,300246.SZ
2245,002602.SZ
2246,002603.SZ
2247,002604.SZ
2248,300247.SZ
2249,300248.SZ
2250,300249.SZ
2251,300250.SZ
2252,300251.SZ
2253,002605.SZ
2254,002606.SZ
2255,601222.SH
2256,002607.SZ
2257,002608.SZ
2258,601901.SH
2259,601636.SH
2260,002609.SZ
2261,002610.SZ
2262,601789.SH
2263,300252.SZ
2264,300253.SZ
2265,601886.SH
2266,300254.SZ
2267,300255.SZ
2268,300256.SZ
2269,300257.SZ
2270,300258.SZ
2271,002611.SZ
2272,002612.SZ
2273,002613.SZ
2274,300259.SZ
2275,300260.SZ
2276,300261.SZ
2277,601908.SH
2278,002614.SZ
2279,002615.SZ
2280,300262.SZ
2281,300263.SZ
2282,300264.SZ
2283,300265.SZ
2284,601677.SH
2285,002616.SZ
2286,002617.SZ
2287,002618.SZ
2288,300266.SZ
2289,300267.SZ
2290,300268.SZ
2291,601633.SH
2292,002619.SZ
2293,002620.SZ
2294,002621.SZ
2295,601996.SH
2296,300269.SZ
2297,300270.SZ
2298,002623.SZ
2299,002622.SZ
2300,601669.SH
2301,300271.SZ
2302,300273.SZ
2303,002624.SZ
2304,002626.SZ
2305,601100.SH
2306,300272.SZ
2307,300274.SZ
2308,300275.SZ
2309,002625.SZ
2310,002627.SZ
2311,002628.SZ
2312,002629.SZ
2313,601028.SH
2314,002592.SZ
2315,002630.SZ
2316,002631.SZ
2317,300276.SZ
2318,002632.SZ
2319,002633.SZ
2320,300277.SZ
2321,002635.SZ
2322,002636.SZ
2323,002637.SZ
2324,002638.SZ
2325,601928.SH
2326,002634.SZ
2327,002639.SZ
2328,002640.SZ
2329,002641.SZ
2330,601555.SH
2331,300278.SZ
2332,601336.SH
2333,002642.SZ
2334,002643.SZ
2335,002645.SZ
2336,002644.SZ
2337,002646.SZ
2338,002647.SZ
2339,002648.SZ
2340,300279.SZ
2341,300280.SZ
2342,300281.SZ
2343,300282.SZ
2344,002649.SZ
2345,002650.SZ
2346,002651.SZ
2347,300283.SZ
2348,300284.SZ
2349,300285.SZ
2350,300286.SZ
2351,601313.SH
2352,002653.SZ
2353,002652.SZ
2354,300287.SZ
2355,300291.SZ
2356,300288.SZ
2357,300289.SZ
2358,300290.SZ
2359,601515.SH
2360,002654.SZ
2361,002655.SZ
2362,601231.SH
2363,601929.SH
2364,002656.SZ
2365,002657.SZ
2366,300292.SZ
2367,300293.SZ
2368,300294.SZ
2369,002658.SZ
2370,002659.SZ
2371,002662.SZ
2372,601800.SH
2373,300295.SZ
2374,300296.SZ
2375,300297.SZ
2376,002660.SZ
2377,002661.SZ
2378,002663.SZ
2379,002664.SZ
2380,300298.SZ
2381,300299.SZ
2382,300300.SZ
2383,300303.SZ
2384,300301.SZ
2385,300302.SZ
2386,300304.SZ
2387,002665.SZ
2388,002666.SZ
2389,002667.SZ
2390,300305.SZ
2391,300306.SZ
2392,300307.SZ
2393,601238.SH
2394,300308.SZ
2395,300309.SZ
2396,601012.SH
2397,002668.SZ
2398,002669.SZ
2399,002670.SZ
2400,601388.SH
2401,300310.SZ
2402,300311.SZ
2403,300313.SZ
2404,002671.SZ
2405,002672.SZ
2406,603001.SH
2407,603000.SH
2408,002673.SZ
2409,603123.SH
2410,002674.SZ
2411,603333.SH
2412,300312.SZ
2413,300314.SZ
2414,300315.SZ
2415,300316.SZ
2416,300317.SZ
2417,603002.SH
2418,603366.SH
2419,300318.SZ
2420,300319.SZ
2421,300321.SZ
2422,002675.SZ
2423,002676.SZ
2424,002677.SZ
2425,603128.SH
2426,002678.SZ
2427,300320.SZ
2428,300323.SZ
2429,300325.SZ
2430,002679.SZ
2431,002680.SZ
2432,002681.SZ
2433,300322.SZ
2434,300324.SZ
2435,601965.SH
2436,002682.SZ
2437,002683.SZ
2438,002684.SZ
2439,002685.SZ
2440,601339.SH
2441,300326.SZ
2442,300327.SZ
2443,300328.SZ
2444,300329.SZ
2445,300330.SZ
2446,300331.SZ
2447,300332.SZ
2448,300333.SZ
2449,002686.SZ
2450,300334.SZ
2451,601608.SH
2452,300335.SZ
2453,300336.SZ
2454,002687.SZ
2455,002688.SZ
2456,002689.SZ
2457,603008.SH
2458,300337.SZ
2459,300339.SZ
2460,300338.SZ
2461,300340.SZ
2462,300341.SZ
2463,300342.SZ
2464,002690.SZ
2465,002691.SZ
2466,603077.SH
2467,300343.SZ
2468,300344.SZ
2469,300345.SZ
2470,300346.SZ
2471,002692.SZ
2472,002693.SZ
2473,601038.SH
2474,603766.SH
2475,002694.SZ
2476,300347.SZ
2477,300348.SZ
2478,300349.SZ
2479,603003.SH
2480,300350.SZ
2481,603399.SH
2482,002695.SZ
2483,002696.SZ
2484,002697.SZ
2485,603167.SH
2486,002698.SZ
2487,002699.SZ
2488,300352.SZ
2489,300351.SZ
2490,300354.SZ
2491,002700.SZ
2492,300353.SZ
2493,300355.SZ
2494,300356.SZ
2495,603993.SH
2496,002701.SZ
2497,002702.SZ
2498,002703.SZ
2499,000333.SZ
2500,600023.SH
2501,603699.SH
2502,002705.SZ
2503,002706.SZ
2504,002708.SZ
2505,300357.SZ
2506,300358.SZ
2507,300359.SZ
2508,300360.SZ
2509,300362.SZ
2510,603308.SH
2511,002707.SZ
2512,002709.SZ
2513,002712.SZ
2514,300365.SZ
2515,300368.SZ
2516,300370.SZ
2517,300371.SZ
2518,300373.SZ
2519,603555.SH
2520,002711.SZ
2521,002721.SZ
2522,300366.SZ
2523,300372.SZ
2524,300375.SZ
2525,300376.SZ
2526,300377.SZ
2527,300378.SZ
2528,002714.SZ
2529,002716.SZ
2530,002718.SZ
2531,002719.SZ
2532,002722.SZ
2533,300379.SZ
2534,300380.SZ
2535,300381.SZ
2536,601225.SH
2537,002723.SZ
2538,002725.SZ
2539,300363.SZ
2540,300367.SZ
2541,300369.SZ
2542,300382.SZ
2543,300383.SZ
2544,603005.SH
2545,603288.SH
2546,002713.SZ
2547,002715.SZ
2548,002717.SZ
2549,002726.SZ
2550,300385.SZ
2551,300386.SZ
2552,603006.SH
2553,603328.SH
2554,002727.SZ
2555,300387.SZ
2556,603168.SH
2557,603369.SH
2558,603009.SH
2559,002728.SZ
2560,300390.SZ
2561,603126.SH
2562,300384.SZ
2563,300388.SZ
2564,300389.SZ
2565,300391.SZ
2566,603111.SH
2567,603100.SH
2568,603609.SH
2569,603099.SH
2570,601579.SH
2571,603806.SH
2572,603188.SH
2573,300392.SZ
2574,300395.SZ
2575,300396.SZ
2576,300397.SZ
2577,002729.SZ
2578,300393.SZ
2579,603306.SH
2580,601016.SH
2581,600917.SH
2582,002730.SZ
2583,300398.SZ
2584,300399.SZ
2585,300401.SZ
2586,603169.SH
2587,300400.SZ
2588,300402.SZ
2589,603010.SH
2590,603456.SH
2591,603018.SH
2592,603606.SH
2593,300403.SZ
2594,300405.SZ
2595,300406.SZ
2596,603688.SH
2597,002724.SZ
2598,002731.SZ
2599,603988.SH
2600,601015.SH
2601,603019.SH
2602,603011.SH
2603,603088.SH
2604,603166.SH
2605,002733.SZ
2606,002735.SZ
2607,300407.SZ
2608,300408.SZ
2609,300409.SZ
2610,603518.SH
2611,603368.SH
2612,002732.SZ
2613,603998.SH
2614,601969.SH
2615,601226.SH
2616,002736.SZ
2617,603588.SH
2618,002737.SZ
2619,002738.SZ
2620,603636.SH
2621,300410.SZ
2622,300411.SZ
2623,300412.SZ
2624,603017.SH
2625,603889.SH
2626,603788.SH
2627,300364.SZ
2628,300413.SZ
2629,300418.SZ
2630,601021.SH
2631,002739.SZ
2632,002740.SZ
2633,300416.SZ
2634,300419.SZ
2635,601069.SH
2636,603601.SH
2637,300415.SZ
2638,300417.SZ
2639,603600.SH
2640,000166.SZ
2641,603678.SH
2642,603686.SH
2643,002734.SZ
2644,603558.SH
2645,603899.SH
2646,603611.SH
2647,603698.SH
2648,603799.SH
2649,002741.SZ
2650,002746.SZ
2651,300425.SZ
2652,002742.SZ
2653,002743.SZ
2654,002745.SZ
2655,300394.SZ
2656,300420.SZ
2657,300421.SZ
2658,300422.SZ
2659,300423.SZ
2660,300426.SZ
2661,300427.SZ
2662,603222.SH
2663,603618.SH
2664,603898.SH
2665,603939.SH
2666,603118.SH
2667,601198.SH
2668,603828.SH
2669,603969.SH
2670,603309.SH
2671,603997.SH
2672,603015.SH
2673,300433.SZ
2674,002748.SZ
2675,300374.SZ
2676,300428.SZ
2677,300430.SZ
2678,300432.SZ
2679,601689.SH
2680,603268.SH
2681,603519.SH
2682,002747.SZ
2683,002749.SZ
2684,603012.SH
2685,603030.SH
2686,603158.SH
2687,600958.SH
2688,002750.SZ
2689,300429.SZ
2690,300431.SZ
2691,603729.SH
2692,603020.SH
2693,603338.SH
2694,300435.SZ
2695,603199.SH
2696,603869.SH
2697,002752.SZ
2698,300424.SZ
2699,300436.SZ
2700,300439.SZ
2701,300443.SZ
2702,300447.SZ
2703,300449.SZ
2704,603025.SH
2705,603808.SH
2706,603818.SH
2707,300437.SZ
2708,300440.SZ
2709,300441.SZ
2710,300444.SZ
2711,300446.SZ
2712,603021.SH
2713,603703.SH
2714,603883.SH
2715,002751.SZ
2716,300404.SZ
2717,300434.SZ
2718,300438.SZ
2719,300442.SZ
2720,300445.SZ
2721,300448.SZ
2722,603315.SH
2723,603318.SH
2724,603567.SH
2725,603789.SH
2726,600959.SH
2727,300414.SZ
2728,603355.SH
2729,603599.SH
2730,300451.SZ
2731,300456.SZ
2732,300457.SZ
2733,002755.SZ
2734,002756.SZ
2735,300452.SZ
2736,300453.SZ
2737,300455.SZ
2738,300458.SZ
2739,300459.SZ
2740,300460.SZ
2741,603227.SH
2742,603718.SH
2743,603989.SH
2744,300450.SZ
2745,603022.SH
2746,603311.SH
2747,603566.SH
2748,603968.SH
2749,002753.SZ
2750,300461.SZ
2751,002757.SZ
2752,002758.SZ
2753,300462.SZ
2754,300467.SZ
2755,300468.SZ
2756,603023.SH
2757,603108.SH
2758,603598.SH
2759,603885.SH
2760,002759.SZ
2761,300463.SZ
2762,300465.SZ
2763,300466.SZ
2764,603198.SH
2765,603568.SH
2766,603669.SH
2767,603918.SH
2768,603026.SH
2769,603300.SH
2770,603901.SH
2771,002761.SZ
2772,002762.SZ
2773,002763.SZ
2774,300464.SZ
2775,300475.SZ
2776,300477.SZ
2777,300478.SZ
2778,601985.SH
2779,002760.SZ
2780,002766.SZ
2781,300469.SZ
2782,300471.SZ
2783,300472.SZ
2784,300476.SZ
2785,601968.SH
2786,603066.SH
2787,603616.SH
2788,002765.SZ
2789,002767.SZ
2790,300470.SZ
2791,300473.SZ
2792,300479.SZ
2793,601368.SH
2794,002772.SZ
2795,002773.SZ
2796,002776.SZ
2797,300485.SZ
2798,601211.SH
2799,002769.SZ
2800,002771.SZ
2801,002775.SZ
2802,603116.SH
2803,603117.SH
2804,603589.SH
2805,002768.SZ
2806,002770.SZ
2807,300481.SZ
2808,300482.SZ
2809,300483.SZ
2810,300486.SZ
2811,603085.SH
2812,603223.SH
2813,603979.SH
2814,300488.SZ
2815,300489.SZ
2816,603838.SH
2817,300480.SZ
2818,300487.SZ
2819,300498.SZ
2820,601155.SH
2821,002779.SZ
2822,002780.SZ
2823,002783.SZ
2824,603398.SH
2825,603696.SH
2826,603936.SH
2827,300493.SZ
2828,300496.SZ
2829,603800.SH
2830,603999.SH
2831,002781.SZ
2832,002782.SZ
2833,300495.SZ
2834,300497.SZ
2835,603866.SH
2836,603996.SH
2837,002785.SZ
2838,002786.SZ
2839,300492.SZ
2840,603508.SH
2841,001979.SZ
2842,002777.SZ
2843,002787.SZ
2844,300490.SZ
2845,300491.SZ
2846,300494.SZ
2847,603299.SH
2848,603778.SH
2849,002778.SZ
2850,300499.SZ
2851,300500.SZ
2852,300501.SZ
2853,603377.SH
2854,601900.SH
2855,002788.SZ
2856,603608.SH
2857,300502.SZ
2858,603027.SH
2859,002790.SZ
2860,300503.SZ
2861,603520.SH
2862,603919.SH
2863,002789.SZ
2864,300505.SZ
2865,601020.SH
2866,300484.SZ
2867,603861.SH
2868,300506.SZ
2869,002792.SZ
2870,002791.SZ
2871,300474.SZ
2872,603028.SH
2873,603798.SH
2874,603701.SH
2875,002793.SZ
2876,603868.SH
2877,300508.SZ
2878,603726.SH
2879,300509.SZ
2880,603029.SH
2881,002795.SZ
2882,603822.SH
2883,300507.SZ
2884,603528.SH
2885,300511.SZ
2886,300510.SZ
2887,603101.SH
2888,002796.SZ
2889,002797.SZ
2890,603779.SH
2891,603959.SH
2892,603339.SH
2893,002798.SZ
2894,300512.SZ
2895,002800.SZ
2896,300513.SZ
2897,300516.SZ
2898,603737.SH
2899,601611.SH
2900,603131.SH
2901,002799.SZ
2902,300515.SZ
2903,601127.SH
2904,002801.SZ
2905,300518.SZ
2906,300519.SZ
2907,603909.SH
2908,002802.SZ
2909,603958.SH
2910,603016.SH
2911,300521.SZ
2912,300522.SZ
2913,601966.SH
2914,002805.SZ
2915,300520.SZ
2916,002803.SZ
2917,603069.SH
2918,300517.SZ
2919,002806.SZ
2920,300523.SZ
2921,300525.SZ
2922,603322.SH
2923,603663.SH
2924,300526.SZ
2925,300529.SZ
2926,600919.SH
2927,300527.SZ
2928,300528.SZ
2929,601811.SH
2930,300530.SZ
2931,300531.SZ
2932,600977.SH
2933,603569.SH
2934,002808.SZ
2935,300535.SZ
2936,603159.SH
2937,600936.SH
2938,601997.SH
2939,601595.SH
2940,300532.SZ
2941,300533.SZ
2942,603986.SH
2943,603515.SH
2944,603031.SH
2945,002809.SZ
2946,300540.SZ
2947,002810.SZ
2948,300538.SZ
2949,603007.SH
2950,300537.SZ
2951,300539.SZ
2952,603090.SH
2953,603658.SH
2954,002807.SZ
2955,603843.SH
2956,002811.SZ
2957,300543.SZ
2958,601163.SH
2959,603393.SH
2960,300534.SZ
2961,300541.SZ
2962,603067.SH
2963,002812.SZ
2964,603189.SH
2965,601500.SH
2966,300536.SZ
2967,300542.SZ
2968,600908.SH
2969,300545.SZ
2970,300546.SZ
2971,603738.SH
2972,300547.SZ
2973,300549.SZ
2974,601128.SH
2975,603887.SH
2976,603421.SH
2977,002813.SZ
2978,002815.SZ
2979,300548.SZ
2980,603777.SH
2981,603313.SH
2982,603816.SH
2983,603160.SH
2984,300550.SZ
2985,300551.SZ
2986,300555.SZ
2987,300552.SZ
2988,300553.SZ
2989,603859.SH
2990,002816.SZ
2991,002817.SZ
2992,603667.SH
2993,603258.SH
2994,600926.SH
2995,603888.SH
2996,603716.SH
2997,300557.SZ
2998,300559.SZ
2999,300560.SZ
3000,300556.SZ
3001,300558.SZ
3002,601882.SH
3003,603203.SH
3004,002818.SZ
3005,603060.SH
3006,603556.SH
3007,002819.SZ
3008,603977.SH
3009,300563.SZ
3010,300566.SZ
3011,300562.SZ
3012,601229.SH
3013,300561.SZ
3014,603633.SH
3015,002820.SZ
3016,002821.SZ
3017,603858.SH
3018,603987.SH
3019,300565.SZ
3020,300567.SZ
3021,603727.SH
3022,603900.SH
3023,002823.SZ
3024,603336.SH
3025,300569.SZ
3026,603819.SH
3027,002822.SZ
3028,002825.SZ
3029,603323.SH
3030,603319.SH
3031,300568.SZ
3032,603660.SH
3033,603559.SH
3034,300570.SZ
3035,300572.SZ
3036,600909.SH
3037,603033.SH
3038,002828.SZ
3039,300573.SZ
3040,603990.SH
3041,002826.SZ
3042,002827.SZ
3043,603036.SH
3044,603928.SH
3045,002829.SZ
3046,002830.SZ
3047,300571.SZ
3048,603708.SH
3049,603585.SH
3050,603389.SH
3051,002831.SZ
3052,603098.SH
3053,603878.SH
3054,300575.SZ
3055,300576.SZ
3056,300581.SZ
3057,603823.SH
3058,300577.SZ
3059,603416.SH
3060,603577.SH
3061,002832.SZ
3062,300579.SZ
3063,603058.SH
3064,600996.SH
3065,603298.SH
3066,002833.SZ
3067,002835.SZ
3068,300582.SZ
3069,603218.SH
3070,603886.SH
3071,002836.SZ
3072,002837.SZ
3073,300585.SZ
3074,603239.SH
3075,603929.SH
3076,601375.SH
3077,603186.SH
3078,300586.SZ
3079,603444.SH
3080,300587.SZ
3081,300588.SZ
3082,603032.SH
3083,603035.SH
3084,002838.SZ
3085,300583.SZ
3086,603228.SH
3087,603877.SH
3088,002840.SZ
3089,300591.SZ
3090,603266.SH
3091,603689.SH
3092,300580.SZ
3093,300590.SZ
3094,603579.SH
3095,002824.SZ
3096,300584.SZ
3097,603628.SH
3098,603639.SH
3099,300589.SZ
3100,300593.SZ
3101,603039.SH
3102,603690.SH
3103,603038.SH
3104,300595.SZ
3105,603165.SH
3106,603668.SH
3107,601858.SH
3108,002841.SZ
3109,002842.SZ
3110,300596.SZ
3111,603337.SH
3112,002843.SZ
3113,300592.SZ
3114,300598.SZ
3115,603037.SH
3116,603638.SH
3117,300597.SZ
3118,300599.SZ
3119,601881.SH
3120,002839.SZ
3121,603429.SH
3122,002845.SZ
3123,300578.SZ
3124,300600.SZ
3125,603358.SH
3126,603966.SH
3127,300602.SZ
3128,300603.SZ
3129,603089.SH
3130,603360.SH
3131,603677.SH
3132,002846.SZ
3133,300601.SZ
3134,603177.SH
3135,002847.SZ
3136,300605.SZ
3137,300606.SZ
3138,603637.SH
3139,603881.SH
3140,300607.SZ
3141,603040.SH
3142,603626.SH
3143,603208.SH
3144,002848.SZ
3145,300608.SZ
3146,300610.SZ
3147,603330.SH
3148,603615.SH
3149,603839.SH
3150,300609.SZ
3151,300612.SZ
3152,300615.SZ
3153,601212.SH
3154,002849.SZ
3155,603603.SH
3156,300611.SZ
3157,300613.SZ
3158,603817.SH
3159,600939.SH
3160,603238.SH
3161,603345.SH
3162,300617.SZ
3163,300619.SZ
3164,002850.SZ
3165,002851.SZ
3166,300618.SZ
3167,603138.SH
3168,603578.SH
3169,300616.SZ
3170,603908.SH
3171,603991.SH
3172,002852.SZ
3173,002853.SZ
3174,300620.SZ
3175,603955.SH
3176,603630.SH
3177,603665.SH
3178,300623.SZ
3179,603903.SH
3180,603960.SH
3181,300622.SZ
3182,603811.SH
3183,300621.SZ
3184,300625.SZ
3185,300628.SZ
3186,603179.SH
3187,603517.SH
3188,002856.SZ
3189,300626.SZ
3190,603133.SH
3191,002855.SZ
3192,300627.SZ
3193,603656.SH
3194,002857.SZ
3195,300631.SZ
3196,002774.SZ
3197,002858.SZ
3198,300629.SZ
3199,603388.SH
3200,603768.SH
3201,000991.SZ
3202,002257.SZ
3203,002525.SZ
3204,002710.SZ
3205,002720.SZ
3206,002859.SZ
3207,002860.SZ
3208,002861.SZ
3209,300060.SZ
3210,300361.SZ
3211,300630.SZ
3212,300632.SZ
3213,300633.SZ
3214,300635.SZ
3215,300636.SZ
3216,300637.SZ
3217,300638.SZ
3218,300639.SZ
3219,600349.SH
3220,601200.SH
3221,601206.SH
3222,601228.SH
3223,601366.SH
3224,603041.SH
3225,603050.SH
3226,603078.SH
3227,603178.SH
3228,603303.SH
3229,603385.SH
3230,603538.SH
3231,603586.SH
3232,603717.SH
3233,603797.SH
3234,603826.SH
3235,603833.SH
3236,603906.SH
3237,002862.SZ
3238,002863.SZ
3239,002865.SZ
3240,002866.SZ
3241,002867.SZ
3242,002868.SZ
3243,002869.SZ
3244,002870.SZ
3245,002871.SZ
3246,002872.SZ
3247,002873.SZ
3248,002875.SZ
3249,002876.SZ
3250,300514.SZ
3251,300554.SZ
3252,300604.SZ
3253,300640.SZ
3254,300641.SZ
3255,300642.SZ
3256,300643.SZ
3257,300645.SZ
3258,300647.SZ
3259,300648.SZ
3260,300649.SZ
3261,300650.SZ
3262,300651.SZ
3263,300652.SZ
3264,300653.SZ
3265,300655.SZ
3266,300656.SZ
3267,300657.SZ
3268,300658.SZ
3269,300659.SZ
3270,300660.SZ
3271,601952.SH
3272,603042.SH
3273,603081.SH
3274,603086.SH
3275,603096.SH
3276,603113.SH
3277,603139.SH
3278,603180.SH
3279,603196.SH
3280,603197.SH
3281,603200.SH
3282,603225.SH
3283,603229.SH
3284,603232.SH
3285,603269.SH
3286,603320.SH
3287,603383.SH
3288,603488.SH
3289,603501.SH
3290,603505.SH
3291,603580.SH
3292,603728.SH
3293,603758.SH
3294,603787.SH
3295,603803.SH
3296,603855.SH
3297,603896.SH
3298,603920.SH
3299,603926.SH
3300,603985.SH
3301,002877.SZ
3302,002878.SZ
3303,300661.SZ
3304,603496.SH
3305,300662.SZ
3306,300663.SZ
3307,300665.SZ
3308,603536.SH
3309,603767.SH
3310,603879.SH
3311,300666.SZ
3312,603226.SH
3313,603980.SH
3314,002880.SZ
3315,603326.SH
3316,300667.SZ
3317,300668.SZ
3318,603316.SH
3319,002883.SZ
3320,603335.SH
3321,603679.SH
3322,002881.SZ
3323,603380.SH
3324,601878.SH
3325,002885.SZ
3326,002886.SZ
3327,603043.SH
3328,603286.SH
3329,603938.SH
3330,300669.SZ
3331,603801.SH
